BEGIN;
BEGIN
SET client_min_messages TO NOTICE;
SET
CREATE or REPLACE FUNCTION dijkstratrsp_compare_dijkstra(i INTEGER, j INTEGER)
RETURNS SETOF FLOAT AS
$BODY$
DECLARE
inner_sql TEXT;
restricted_sql TEXT;
dijkstra_sql TEXT;
dijkstratr_sql TEXT;
BEGIN

    restricted_sql := 'SELECT * FROM new_restrictions WHERE id > 10';

    -- DIRECTED with reverse cost
    inner_sql := 'SELECT id, source, target, cost, reverse_cost FROM edge_table';

    dijkstratr_sql := 'SELECT agg_cost FROM pgr_turnrestrictedpath($$' || inner_sql || '$$, $$' || restricted_sql || '$$, '|| i || ', ' || j
        || ', 3, true)';
    RETURN query EXECUTE dijkstratr_sql;

    -- UNDIRECTED with reverse_cost
    inner_sql := 'SELECT id, source, target, cost, reverse_cost FROM edge_table';

    dijkstratr_sql := 'SELECT agg_cost FROM pgr_turnrestrictedpath($$' || inner_sql || '$$, $$' || restricted_sql || '$$, '|| i || ', ' || j
        || ', 3, false)';
    RETURN query EXECUTE dijkstratr_sql;

    -- DIRECTED without reverse_cost
    inner_sql := 'SELECT id, source, target, cost FROM edge_table';

    dijkstratr_sql := 'SELECT agg_cost FROM pgr_turnrestrictedpath($$' || inner_sql || '$$, $$' || restricted_sql || '$$, '|| i || ', ' || j
        || ', 3, true)';

    -- UNDIRECTED without reverse_cost
    inner_sql := 'SELECT id, source, target, cost FROM edge_table';

    dijkstratr_sql := 'SELECT agg_cost FROM pgr_turnrestrictedpath($$' || inner_sql || '$$, $$' || restricted_sql || '$$, '|| i || ', ' || j
        || ', 3, false)';
    RETURN query EXECUTE dijkstratr_sql;
    /*
     */


    RETURN;
END
$BODY$
language plpgsql;
CREATE FUNCTION
SELECT * from dijkstratrsp_compare_dijkstra(1, 1);
 dijkstratrsp_compare_dijkstra
-------------------------------
(0 rows)

SELECT * from dijkstratrsp_compare_dijkstra(1, 2);
 dijkstratrsp_compare_dijkstra
-------------------------------
                             0
                             1
                             0
                             1
                             0
                             1
(6 rows)

SELECT * from dijkstratrsp_compare_dijkstra(1, 3);
 dijkstratrsp_compare_dijkstra
-------------------------------
                             0
                             1
                             2
                             3
                             4
                             5
                             6
                             0
                             1
                             2
                             0
                             1
                             2
                             3
                             4
(15 rows)

SELECT * from dijkstratrsp_compare_dijkstra(1, 4);
 dijkstratrsp_compare_dijkstra
-------------------------------
                             0
                             1
                             2
                             3
                             4
                             5
                             0
                             1
                             2
                             3
                             0
                             1
                             2
                             3
                             4
                             5
(16 rows)

SELECT * from dijkstratrsp_compare_dijkstra(1, 5);
 dijkstratrsp_compare_dijkstra
-------------------------------
                             0
                             1
                             2
                             0
                             1
                             2
                             0
                             1
                             2
(9 rows)

SELECT * from dijkstratrsp_compare_dijkstra(1, 6);
 dijkstratrsp_compare_dijkstra
-------------------------------
                             0
                             1
                             2
                             3
                             0
                             1
                             2
                             3
                             0
                             1
                             2
                             3
(12 rows)

SELECT * from dijkstratrsp_compare_dijkstra(1, 7);
 dijkstratrsp_compare_dijkstra
-------------------------------
                             0
                             1
                             2
                             3
                             4
                             0
                             1
                             2
                             3
                             4
                             0
                             1
                             2
                             3
                             4
(15 rows)

SELECT * from dijkstratrsp_compare_dijkstra(1, 8);
 dijkstratrsp_compare_dijkstra
-------------------------------
                             0
                             1
                             2
                             3
                             0
                             1
                             2
                             3
                             0
                             1
                             2
                             3
(12 rows)

SELECT * from dijkstratrsp_compare_dijkstra(1, 9);
 dijkstratrsp_compare_dijkstra
-------------------------------
                             0
                             1
                             2
                             3
                             4
                             0
                             1
                             2
                             3
                             4
                             0
                             1
                             2
                             3
                             4
(15 rows)

SELECT * from dijkstratrsp_compare_dijkstra(1, 10);
 dijkstratrsp_compare_dijkstra
-------------------------------
                             0
                             1
                             2
                             3
                             0
                             1
                             2
                             3
                             0
                             1
                             2
                             3
(12 rows)

SELECT * from dijkstratrsp_compare_dijkstra(1, 11);
 dijkstratrsp_compare_dijkstra
-------------------------------
                             0
                             1
                             2
                             3
                             4
                             0
                             1
                             2
                             3
                             4
                             0
                             1
                             2
                             3
                             4
(15 rows)

SELECT * from dijkstratrsp_compare_dijkstra(1, 12);
 dijkstratrsp_compare_dijkstra
-------------------------------
                             0
                             1
                             2
                             3
                             4
                             5
                             0
                             1
                             2
                             3
                             4
                             5
                             0
                             1
                             2
                             3
                             4
                             5
(18 rows)

SELECT * from dijkstratrsp_compare_dijkstra(1, 13);
 dijkstratrsp_compare_dijkstra
-------------------------------
                             0
                             1
                             2
                             3
                             4
                             0
                             1
                             2
                             3
                             4
                             0
                             1
                             2
                             3
                             4
(15 rows)

SELECT * from dijkstratrsp_compare_dijkstra(1, 14);
 dijkstratrsp_compare_dijkstra
-------------------------------
(0 rows)

SELECT * from dijkstratrsp_compare_dijkstra(1, 15);
 dijkstratrsp_compare_dijkstra
-------------------------------
(0 rows)

SELECT * from dijkstratrsp_compare_dijkstra(1, 16);
 dijkstratrsp_compare_dijkstra
-------------------------------
(0 rows)

SELECT * from dijkstratrsp_compare_dijkstra(1, 17);
 dijkstratrsp_compare_dijkstra
-------------------------------
(0 rows)

SELECT * from dijkstratrsp_compare_dijkstra(1, 18);
 dijkstratrsp_compare_dijkstra
-------------------------------
(0 rows)

ROLLBACK;
ROLLBACK
